[
  {
    "MorphColours": false,
    "MorphNormals": false,
    "MorphVertices": false,
    "RegionPath": "skin",
    "Type": "Surfaces",
    "URL": "manInBox_01.json"
  },
  {
    "MorphColours": false,
    "MorphNormals": false,
    "MorphVertices": false,
    "RegionPath": "bones",
    "Type": "Surfaces",
    "URL": [
      "manInBox_02_split_1.json",
      "manInBox_02_split_2.json",
      "manInBox_02_split_3.json",
      "manInBox_02_split_4.json",
      "manInBox_02_split_5.json",
      "manInBox_02_split_6.json",
      "manInBox_02_split_7.json",
      "manInBox_02_split_8.json",
      "manInBox_02_split_9.json",
      "manInBox_02_split_10.json",
      "manInBox_02_split_11.json",
      "manInBox_02_split_12.json"
    ]
  },
  {
    "MorphColours": false,
    "MorphNormals": false,
    "MorphVertices": false,
    "RegionPath": "clavicle/left clavicle",
    "Type": "Surfaces",
    "URL": "manInBox_03.json"
  },
  {
    "MorphColours": false,
    "MorphNormals": false,
    "MorphVertices": false,
    "RegionPath": "clavicle/right clavicle",
    "Type": "Surfaces",
    "URL": "manInBox_04.json"
  },
  {
    "MorphColours": false,
    "MorphNormals": false,
    "MorphVertices": false,
    "RegionPath": "diaphragm",
    "Type": "Surfaces",
    "URL": "manInBox_05.json"
  },
  {
    "GroupName": "esophagus",
    "MorphColours": false,
    "MorphNormals": false,
    "MorphVertices": false,
    "RegionPath": "GI tract",
    "Type": "Surfaces",
    "URL": "manInBox_06.json"
  },
  {
    "GroupName": "stomach",
    "MorphColours": false,
    "MorphNormals": false,
    "MorphVertices": false,
    "RegionPath": "GI tract",
    "Type": "Surfaces",
    "URL": "manInBox_07.json"
  },
  {
    "MorphColours": false,
    "MorphNormals": false,
    "MorphVertices": false,
    "RegionPath": "heart",
    "Type": "Surfaces",
    "URL": "manInBox_08.json"
  },
  {
    "MorphColours": false,
    "MorphNormals": false,
    "MorphVertices": false,
    "RegionPath": "lungs",
    "Type": "Surfaces",
    "URL": "manInBox_09.json"
  },
  {
    "GroupName": "Left phrenic nerve",
    "MorphColours": false,
    "MorphNormals": false,
    "MorphVertices": false,
    "RegionPath": "nerve",
    "Type": "Lines",
    "URL": "manInBox_10.json"
  },
  {
    "GroupName": "Right phrenic nerve",
    "MorphColours": false,
    "MorphNormals": false,
    "MorphVertices": false,
    "RegionPath": "nerve",
    "Type": "Lines",
    "URL": "manInBox_11.json"
  },
  {
    "MorphColours": false,
    "MorphNormals": false,
    "MorphVertices": false,
    "RegionPath": "scapula/left scapula",
    "Type": "Surfaces",
    "URL": "manInBox_12.json"
  },
  {
    "MorphColours": false,
    "MorphNormals": false,
    "MorphVertices": false,
    "RegionPath": "scapula/right scapula",
    "Type": "Surfaces",
    "URL": "manInBox_13.json"
  },
  {
    "MorphColours": false,
    "MorphNormals": false,
    "MorphVertices": false,
    "RegionPath": "vertebral column",
    "Type": "Surfaces",
    "URL": "manInBox_14.json"
  },
  {
    "GroupName": "\"Aortic arch\"",
    "MorphColours": false,
    "MorphNormals": false,
    "MorphVertices": false,
    "RegionPath": "arteries",
    "Type": "Lines",
    "URL": "manInBox_15.json"
  },
  {
    "GroupName": "\"Left common carotid artery\"",
    "MorphColours": false,
    "MorphNormals": false,
    "MorphVertices": false,
    "RegionPath": "arteries",
    "Type": "Lines",
    "URL": "manInBox_16.json"
  },
  {
    "GroupName": "\"Left subclavian artery\"",
    "MorphColours": false,
    "MorphNormals": false,
    "MorphVertices": false,
    "RegionPath": "arteries",
    "Type": "Lines",
    "URL": "manInBox_17.json"
  },
  {
    "GroupName": "\"Right common carotid artery\"",
    "MorphColours": false,
    "MorphNormals": false,
    "MorphVertices": false,
    "RegionPath": "arteries",
    "Type": "Lines",
    "URL": "manInBox_18.json"
  },
  {
    "GroupName": "\"Right subclavian artery\"",
    "MorphColours": false,
    "MorphNormals": false,
    "MorphVertices": false,
    "RegionPath": "arteries",
    "Type": "Lines",
    "URL": "manInBox_19.json"
  },
  {
    "Type": "View",
    "URL": "manInBox_Layout1_view.json"
  }
]